pm1,device_id,co,humidity,co2,pm2_5,pm10,temperature,voc,timestamp
18,7,227,73.01,1012,29,29,30.55,879,2025-06-30 21:31:40
17,7,227,73.01,1012,27,29,30.56,881,2025-06-30 21:30:35
18,7,226,72.91,1012,30,33,30.55,882,2025-06-30 21:30:06
18,7,228,72.82,1012,31,31,30.56,886,2025-06-30 21:29:38
19,7,228,72.82,1009,29,31,30.59,886,2025-06-30 21:28:54
18,7,230,72.62,1008,29,31,30.59,886,2025-06-30 21:28:25
20,7,230,72.62,1011,28,31,30.6,888,2025-06-30 21:27:55
18,7,231,72.52,1010,27,32,30.6,892,2025-06-30 21:27:26
20,7,231,72.42,1007,30,32,30.62,892,2025-06-30 21:26:56
19,7,232,72.39,1008,29,29,30.63,893,2025-06-30 21:26:27
19,7,232,72.32,1003,24,28,30.62,895,2025-06-30 21:25:57
17,7,233,71.99,1002,26,34,30.67,899,2025-06-30 21:25:28
19,7,234,71.99,1001,29,30,30.67,901,2025-06-30 21:24:32
18,7,234,71.89,999,27,31,30.71,903,2025-06-30 21:24:03
19,7,235,71.7,1000,29,32,30.75,908,2025-06-30 21:23:34
19,7,236,71.6,1001,29,31,30.77,910,2025-06-30 21:22:40
18,7,236,71.6,998,30,32,30.78,912,2025-06-30 21:22:11
18,7,236,71.5,997,28,31,30.82,914,2025-06-30 21:21:41
20,7,238,71.31,997,28,33,30.85,918,2025-06-30 21:20:59
20,7,239,71.27,997,28,31,30.89,918,2025-06-30 21:20:17
20,7,239,71.08,995,29,30,30.89,921,2025-06-30 21:19:47
20,7,241,71.17,995,30,32,30.95,931,2025-06-30 21:19:18
19,7,241,71.17,998,28,31,30.96,934,2025-06-30 21:18:36
19,7,241,71.08,1003,29,32,30.97,940,2025-06-30 21:18:08
19,7,242,70.98,1002,30,33,30.97,946,2025-06-30 21:17:39
18,7,243,70.58,984,27,28,31.04,942,2025-06-30 21:17:01
19,7,244,70.78,985,29,32,31.06,947,2025-06-30 21:16:19
18,7,246,70.88,984,29,34,31.09,950,2025-06-30 21:15:52
20,7,247,71.04,976,30,35,31.16,961,2025-06-30 21:15:20
21,7,248,71.24,978,31,35,31.18,974,2025-06-30 21:14:12
20,7,244,71.63,978,30,44,31.16,982,2025-06-30 21:13:35
19,7,215,72.12,972,29,31,31.11,958,2025-06-30 21:13:06
28,7,289,85.27,659,49,53,32.88,1388,2025-06-30 21:03:48
27,7,289,85.37,656,44,51,32.88,1388,2025-06-30 21:03:18
27,7,290,85.37,654,44,50,32.87,1382,2025-06-30 21:02:49
28,7,289,85.47,653,45,49,32.85,1363,2025-06-30 21:02:19
28,7,288,85.61,652,46,49,32.83,1347,2025-06-30 21:01:49
30,7,288,85.51,653,47,51,32.84,1332,2025-06-30 21:01:20
29,7,288,85.51,653,47,50,32.81,1315,2025-06-30 21:00:50
28,7,287,85.41,652,44,47,32.8,1298,2025-06-30 21:00:21
28,7,286,85.41,651,46,49,32.77,1280,2025-06-30 20:59:51
31,7,286,85.41,651,48,52,32.78,1260,2025-06-30 20:59:22
30,7,286,85.32,652,49,52,32.73,1241,2025-06-30 20:58:53
32,7,285,85.22,650,50,54,32.72,1216,2025-06-30 20:58:22
32,7,285,85.12,650,49,55,32.71,1187,2025-06-30 20:57:46
30,7,284,85.12,650,48,50,32.69,1166,2025-06-30 20:57:11
31,7,284,85.02,649,50,53,32.66,1145,2025-06-30 20:56:41
31,7,282,85.02,649,51,54,32.63,1125,2025-06-30 20:56:11
31,7,281,84.83,648,48,51,32.61,1096,2025-06-30 20:55:42
33,7,281,84.77,647,51,55,32.58,1068,2025-06-30 20:55:12
32,7,280,84.67,648,50,56,32.53,1046,2025-06-30 20:54:42
32,7,280,84.38,645,51,59,32.52,1008,2025-06-30 20:54:14
30,7,280,84.08,645,51,58,32.48,975,2025-06-30 20:53:31
28,7,278,83.59,644,49,52,32.45,946,2025-06-30 20:53:01
28,7,276,83.01,640,43,49,32.4,898,2025-06-30 20:52:32
26,7,276,82.81,634,42,45,32.42,895,2025-06-30 20:52:03
25,7,278,82.91,629,41,45,32.43,896,2025-06-30 20:51:32
26,7,278,83.01,621,43,47,32.4,897,2025-06-30 20:51:03
26,7,279,83.11,611,41,41,32.42,895,2025-06-30 20:50:34
28,7,280,83.5,596,43,47,32.39,899,2025-06-30 20:50:04
28,7,280,83.79,588,45,50,32.38,909,2025-06-30 20:49:35
26,7,280,83.99,580,43,45,32.38,906,2025-06-30 20:49:04
29,7,280,84.18,572,46,49,32.35,907,2025-06-30 20:48:35
28,7,280,84.28,563,44,51,32.35,904,2025-06-30 20:48:05
27,7,281,84.47,552,43,50,32.34,907,2025-06-30 20:47:36
27,7,280,84.61,542,44,48,32.31,909,2025-06-30 20:47:06
29,7,281,84.91,533,44,48,32.31,911,2025-06-30 20:46:37
28,7,281,85.1,531,44,49,32.3,915,2025-06-30 20:46:07
27,7,282,85.1,531,42,46,32.28,916,2025-06-30 20:45:38
29,7,282,85.1,531,47,48,32.3,917,2025-06-30 20:45:08
28,7,282,85.2,531,44,48,32.28,916,2025-06-30 20:44:39
27,7,282,85.1,531,43,50,32.3,915,2025-06-30 20:44:09
28,7,284,85.1,531,42,50,32.3,918,2025-06-30 20:43:40
29,7,284,85.2,531,44,50,32.3,919,2025-06-30 20:43:10
30,7,284,85.2,531,44,52,32.28,918,2025-06-30 20:42:40
30,7,284,85.2,531,49,51,32.28,920,2025-06-30 20:42:11
31,7,285,85.2,532,46,48,32.28,921,2025-06-30 20:41:41
29,7,285,85.2,533,46,51,32.27,922,2025-06-30 20:41:12
30,7,285,85.3,532,46,50,32.28,925,2025-06-30 20:40:42
29,7,286,85.2,533,51,58,32.28,921,2025-06-30 20:40:13
29,7,286,85.2,533,47,51,32.27,920,2025-06-30 20:39:37
27,7,286,85.3,533,46,46,32.27,920,2025-06-30 20:39:07
30,7,288,85.3,533,46,53,32.27,922,2025-06-30 20:38:38
30,7,288,85.3,534,47,55,32.26,922,2025-06-30 20:37:24
26,7,289,85.2,535,45,49,32.28,923,2025-06-30 20:36:55
28,7,289,85.2,535,47,50,32.28,920,2025-06-30 20:35:22
27,7,289,85.2,535,46,50,32.28,920,2025-06-30 20:34:52
29,7,289,85.2,535,47,50,32.3,920,2025-06-30 20:34:22
29,7,289,85.2,535,46,49,32.28,921,2025-06-30 20:33:53
30,7,289,85.2,536,47,54,32.27,922,2025-06-30 20:33:23
29,7,290,85.2,536,48,52,32.28,916,2025-06-30 20:32:54
31,7,290,85.3,535,48,56,32.28,915,2025-06-30 20:32:12
32,7,290,85.3,535,49,54,32.27,914,2025-06-30 20:31:36
31,7,289,85.3,535,52,58,32.26,915,2025-06-30 20:31:07
29,7,290,85.2,539,49,52,32.27,912,2025-06-30 20:30:37
32,7,290,85.2,539,49,54,32.27,911,2025-06-30 20:29:42
33,7,290,85.3,539,50,55,32.28,909,2025-06-30 20:29:12
31,7,289,85.3,539,48,54,32.3,909,2025-06-30 20:28:43
31,7,290,85.2,539,49,54,32.28,908,2025-06-30 20:28:13
29,7,290,85.3,540,47,54,32.28,902,2025-06-30 20:27:44
31,7,290,85.3,540,48,53,32.28,903,2025-06-30 20:27:14
32,7,290,85.3,540,52,54,32.28,901,2025-06-30 20:26:44
31,7,290,85.3,540,48,51,32.27,899,2025-06-30 20:26:14
30,7,290,85.4,541,49,53,32.27,895,2025-06-30 20:25:46
31,7,289,85.4,540,48,52,32.26,891,2025-06-30 20:25:15
30,7,289,85.2,542,51,54,32.3,892,2025-06-30 20:24:46
30,7,289,85.3,542,48,51,32.3,889,2025-06-30 20:23:26
30,7,289,85.3,543,47,50,32.28,886,2025-06-30 20:22:57
29,7,290,85.2,543,47,51,32.28,886,2025-06-30 20:22:29
30,7,289,85.1,543,46,50,32.31,881,2025-06-30 20:21:51
27,7,289,85.1,541,44,47,32.31,881,2025-06-30 20:21:09
27,7,292,85.1,539,45,48,32.31,886,2025-06-30 20:20:40
28,7,292,85.2,541,43,47,32.31,882,2025-06-30 20:20:11
28,7,292,85.2,542,45,46,32.33,883,2025-06-30 20:19:34
29,7,292,85.2,542,46,52,32.31,879,2025-06-30 20:19:05
27,7,292,85.2,542,43,50,32.33,880,2025-06-30 20:18:35
27,7,292,85.2,542,46,52,32.33,877,2025-06-30 20:18:00
28,7,293,85.2,542,43,47,32.33,874,2025-06-30 20:17:30
27,7,293,85.2,542,42,48,32.33,875,2025-06-30 20:17:02
26,7,293,85.2,541,46,52,32.31,873,2025-06-30 20:16:25
27,7,293,85.3,542,42,48,32.31,875,2025-06-30 20:15:55
28,7,293,85.3,542,44,48,32.31,876,2025-06-30 20:15:26
26,7,293,85.3,543,39,45,32.31,876,2025-06-30 20:14:56
26,7,293,85.3,544,41,45,32.3,876,2025-06-30 20:14:27
26,7,294,85.3,544,43,46,32.31,875,2025-06-30 20:13:57
26,7,293,85.3,544,41,48,32.31,874,2025-06-30 20:13:27
22,7,294,85.3,545,39,48,32.33,874,2025-06-30 20:12:58
22,7,295,85.3,546,39,44,32.33,872,2025-06-30 20:12:16
23,7,295,85.2,547,40,40,32.31,870,2025-06-30 20:11:40
24,7,296,85.16,548,37,43,32.34,874,2025-06-30 20:11:10
24,7,296,85.16,549,39,44,32.35,874,2025-06-30 20:10:40
24,7,297,85.16,549,39,43,32.34,875,2025-06-30 20:10:04
22,7,297,85.16,551,36,40,32.34,875,2025-06-30 20:09:35
22,7,299,85.16,552,38,42,32.34,874,2025-06-30 20:09:05
22,7,300,85.16,552,37,41,32.35,874,2025-06-30 20:08:36
22,7,300,85.16,552,37,39,32.35,872,2025-06-30 20:08:00
22,7,301,85.16,553,36,39,32.35,875,2025-06-30 20:07:31
22,7,303,85.16,554,36,37,32.35,878,2025-06-30 20:07:02
22,7,303,85.16,556,37,40,32.35,878,2025-06-30 20:06:31
21,7,304,85.16,557,34,39,32.35,880,2025-06-30 20:06:02
22,7,304,85.16,559,36,39,32.35,884,2025-06-30 20:05:32
22,7,305,85.16,560,34,40,32.38,884,2025-06-30 20:05:02
22,7,308,85.16,561,31,34,32.38,885,2025-06-30 20:04:33
22,7,309,85.16,563,34,38,32.35,885,2025-06-30 20:04:04
22,7,310,85.16,566,34,36,32.38,888,2025-06-30 20:03:34
23,7,311,85.16,567,32,39,32.39,891,2025-06-30 20:02:51
22,7,312,85.16,570,33,39,32.38,894,2025-06-30 20:02:21
22,7,313,85.16,572,35,38,32.38,896,2025-06-30 20:01:52
21,7,315,85.26,574,33,40,32.35,899,2025-06-30 20:01:22
20,7,316,85.16,574,34,39,32.38,900,2025-06-30 20:00:52
20,7,317,85.26,575,33,37,32.35,905,2025-06-30 20:00:10
21,7,320,85.16,578,33,39,32.39,914,2025-06-30 19:59:40
22,7,322,85.16,581,32,37,32.39,913,2025-06-30 19:58:40
22,7,323,85.16,583,33,37,32.4,914,2025-06-30 19:58:10
21,7,324,85.16,586,33,39,32.42,916,2025-06-30 19:57:41
21,7,325,85.16,589,32,37,32.4,918,2025-06-30 19:57:11
21,7,327,85.16,592,31,33,32.42,920,2025-06-30 19:56:41
20,7,327,85.16,594,31,32,32.4,920,2025-06-30 19:56:12
21,7,328,85.16,596,32,33,32.39,922,2025-06-30 19:55:42
21,7,331,85.16,599,32,35,32.42,924,2025-06-30 19:55:08
21,7,332,85.16,603,31,32,32.43,927,2025-06-30 19:54:24
22,7,333,85.16,607,30,33,32.45,929,2025-06-30 19:53:55
19,7,335,85.06,608,30,33,32.45,929,2025-06-30 19:53:25
20,7,336,85.06,611,30,32,32.43,936,2025-06-30 19:52:55
19,7,339,85.16,615,30,32,32.43,942,2025-06-30 19:52:26
21,7,340,85.16,618,30,34,32.45,944,2025-06-30 19:51:56
19,7,341,85.06,624,32,37,32.46,948,2025-06-30 19:51:20
18,7,342,85.06,627,28,30,32.46,947,2025-06-30 19:50:50
19,7,343,85.16,630,29,29,32.46,947,2025-06-30 19:50:21
18,7,348,84.96,639,28,31,32.49,951,2025-06-30 19:49:51
18,7,349,84.96,643,27,29,32.49,956,2025-06-30 19:48:43
17,7,351,84.96,647,26,29,32.5,959,2025-06-30 19:48:13
17,7,353,84.86,651,27,30,32.5,960,2025-06-30 19:47:43
18,7,353,84.86,655,27,32,32.49,963,2025-06-30 19:47:14
17,7,355,84.96,661,27,28,32.5,964,2025-06-30 19:46:45
18,7,357,84.86,664,25,26,32.49,968,2025-06-30 19:46:15
17,7,362,84.67,677,25,26,32.53,970,2025-06-30 19:45:46
17,7,362,84.67,677,25,26,32.53,970,2025-06-30 19:45:36
17,7,363,84.67,685,25,26,32.53,974,2025-06-30 19:44:32
15,7,365,84.57,687,23,25,32.56,980,2025-06-30 19:44:02
14,7,370,84.38,687,23,25,32.59,987,2025-06-30 19:43:35
14,7,371,84.47,683,22,24,32.59,991,2025-06-30 19:42:42
16,7,374,84.57,676,24,26,32.59,994,2025-06-30 19:42:13
16,7,376,84.93,670,25,26,32.61,1008,2025-06-30 19:41:44
16,7,378,85.12,670,24,24,32.61,1013,2025-06-30 19:41:02
17,7,380,85.16,668,25,27,32.59,1018,2025-06-30 19:40:32
16,7,381,85.16,666,21,23,32.59,1023,2025-06-30 19:40:03
16,7,384,85.16,666,23,26,32.59,1026,2025-06-30 19:39:33
15,7,385,85.26,665,24,26,32.58,1024,2025-06-30 19:39:03
14,7,387,85.36,665,21,22,32.58,1025,2025-06-30 19:38:34
14,7,387,85.36,666,22,24,32.58,1029,2025-06-30 19:38:05
14,7,389,85.36,665,22,27,32.56,1039,2025-06-30 19:37:28
14,7,392,85.46,664,21,23,32.53,1043,2025-06-30 19:36:59
15,7,397,85.26,655,23,23,32.58,1048,2025-06-30 19:36:29
15,7,397,85.26,655,23,23,32.58,1048,2025-06-30 19:36:24
13,7,401,85.26,654,23,27,32.58,1055,2025-06-30 19:35:04
11,7,402,85.16,654,21,23,32.58,1060,2025-06-30 19:34:35
12,7,405,85.26,655,22,24,32.59,1066,2025-06-30 19:34:05
12,7,408,85.26,655,21,24,32.56,1070,2025-06-30 19:33:36
12,7,410,85.26,655,22,23,32.56,1077,2025-06-30 19:33:06
11,7,415,85.02,649,21,22,32.61,1088,2025-06-30 19:32:37
12,7,417,84.93,647,22,24,32.61,1092,2025-06-30 19:31:24
9,7,419,84.83,645,20,21,32.61,1096,2025-06-30 19:30:54
9,7,424,84.93,644,20,21,32.61,1113,2025-06-30 19:30:25
12,7,426,84.93,643,21,23,32.61,1124,2025-06-30 19:29:55
7,7,433,84.73,645,20,20,32.62,1143,2025-06-30 19:29:25
7,7,433,84.73,645,20,20,32.62,1143,2025-06-30 19:29:02
10,7,435,84.73,644,22,22,32.62,1157,2025-06-30 19:28:26
7,7,439,84.63,642,19,21,32.62,1169,2025-06-30 19:27:55
11,7,442,84.63,641,21,22,32.62,1178,2025-06-30 19:27:26
10,7,446,84.43,640,20,20,32.63,1193,2025-06-30 19:26:58
9,7,447,84.43,639,21,21,32.62,1209,2025-06-30 19:26:07
10,7,451,84.33,636,20,20,32.63,1221,2025-06-30 19:25:37
7,7,455,84.43,634,20,21,32.63,1232,2025-06-30 19:25:08
8,7,458,84.43,634,20,24,32.63,1245,2025-06-30 19:24:38
11,7,461,84.53,635,19,21,32.63,1264,2025-06-30 19:24:08
11,7,463,84.53,635,21,22,32.65,1282,2025-06-30 19:23:39
12,7,468,84.53,632,21,22,32.62,1296,2025-06-30 19:23:09
8,7,471,84.73,631,20,21,32.61,1320,2025-06-30 19:22:40
12,7,474,84.93,631,20,23,32.61,1331,2025-06-30 19:22:10
14,7,485,84.73,642,22,25,32.65,1382,2025-06-30 19:21:40
13,7,486,84.83,645,21,23,32.66,1407,2025-06-30 19:20:07
13,7,489,84.93,648,21,22,32.63,1417,2025-06-30 19:19:38
13,7,492,85.06,649,21,23,32.59,1420,2025-06-30 19:19:08
16,7,495,84.83,649,22,23,32.61,1443,2025-06-30 19:18:39
16,7,501,85.06,647,23,24,32.58,1473,2025-06-30 19:18:09
16,7,504,85.06,648,22,23,32.58,1496,2025-06-30 19:17:39
16,7,511,84.86,648,22,22,32.59,1549,2025-06-30 19:17:11
17,7,515,84.86,649,25,25,32.59,1579,2025-06-30 19:16:08
18,7,519,84.77,651,24,28,32.58,1609,2025-06-30 19:15:38
17,7,525,84.67,651,24,27,32.59,1641,2025-06-30 19:15:10
18,7,529,84.57,653,25,27,32.59,1677,2025-06-30 19:14:34
18,7,534,84.67,654,27,27,32.58,1718,2025-06-30 19:14:04
18,7,540,84.57,656,27,28,32.58,1751,2025-06-30 19:13:34
19,7,545,84.47,656,26,26,32.59,1791,2025-06-30 19:13:06
19,7,550,84.33,657,28,32,32.61,1836,2025-06-30 19:12:35
22,7,556,84.24,661,29,32,32.61,1888,2025-06-30 19:12:00
22,7,562,84.24,664,29,29,32.61,1936,2025-06-30 19:11:30
21,7,568,84.14,667,30,32,32.61,1980,2025-06-30 19:11:01
22,7,573,84.04,674,31,33,32.61,2041,2025-06-30 19:10:31
22,7,580,83.94,677,32,34,32.62,2091,2025-06-30 19:10:02
23,7,586,83.85,678,34,35,32.62,2157,2025-06-30 19:09:32
27,7,598,83.94,680,37,40,32.63,2244,2025-06-30 19:09:03
28,7,607,83.94,683,40,46,32.63,2346,2025-06-30 19:08:26
27,7,615,83.94,688,40,43,32.63,2416,2025-06-30 19:07:52
31,7,626,83.85,695,44,47,32.63,2533,2025-06-30 19:07:22
38,7,641,83.85,707,51,57,32.66,2675,2025-06-30 19:06:46
40,7,655,83.85,714,55,58,32.68,2795,2025-06-30 19:06:03
42,7,667,83.75,723,62,64,32.68,2906,2025-06-30 19:05:34
45,7,683,83.75,731,64,70,32.68,3053,2025-06-30 19:05:04
51,7,707,83.75,733,72,78,32.71,3282,2025-06-30 19:04:36
56,7,726,83.65,734,81,83,32.72,3456,2025-06-30 19:03:51
57,7,767,83.36,732,85,88,32.78,3807,2025-06-30 19:03:22
64,7,803,83.06,733,91,94,32.83,4068,2025-06-30 19:02:26
65,7,855,82.63,732,92,93,32.88,4290,2025-06-30 19:01:56
64,7,1060,81.75,736,91,94,32.99,4754,2025-06-30 19:01:27
77,7,2419,81.75,763,116,124,33.09,8865,2025-06-30 19:00:57
112,7,3645,81.52,765,191,210,33.14,10000,2025-06-30 19:00:09
182,7,4466,81.42,766,429,527,33.17,10000,2025-06-30 18:59:39
214,7,5288,81.22,769,1061,1628,33.2,10000,2025-06-30 18:59:10
320,7,6459,81.12,782,1885,3254,33.25,10000,2025-06-30 18:58:40
213,7,6191,81.52,783,1296,2493,33.3,10000,2025-06-30 18:58:05
309,7,8185,81.03,818,2731,9304,33.34,10000,2025-06-30 18:57:16
311,7,6997,81.28,822,2546,6038,33.39,10000,2025-06-30 18:56:47
377,7,8846,80.7,847,2295,5435,33.43,10000,2025-06-30 18:56:13
360,7,11138,80.89,870,4427,25999,33.49,10000,2025-06-30 18:55:40
387,7,11376,81.57,856,3559,16924,33.51,10000,2025-06-30 18:55:10
318,7,11500,80.6,973,5225,0,33.55,10000,2025-06-30 18:54:41
78,7,11500,82.45,1517,4326,0,33.56,10000,2025-06-30 18:54:11
4992,7,11500,84.11,1949,4992,4992,33.49,10000,2025-06-30 18:53:42
5000,7,11500,84.6,1455,5000,5000,33.36,10000,2025-06-30 18:53:12
287,7,10147,84.06,977,4491,0,33.22,10000,2025-06-30 18:52:42
377,7,6606,82.4,827,1007,1234,33.17,10000,2025-06-30 18:52:13
365,7,8115,82.2,842,1013,1321,33.2,10000,2025-06-30 18:51:43
417,7,11500,82.4,868,1801,2659,33.2,10000,2025-06-30 18:51:07
497,7,11500,82.69,883,1950,2662,33.17,10000,2025-06-30 18:50:37
533,7,11500,83.28,901,3884,7305,33.15,10000,2025-06-30 18:50:00
531,7,11500,83.41,921,3296,6068,33.07,10000,2025-06-30 18:49:24
450,7,11500,84.3,888,4250,10048,33.05,10000,2025-06-30 18:48:55
586,7,11500,83.61,886,3083,5229,32.98,10000,2025-06-30 18:48:26
496,7,11500,84.59,936,5131,15430,32.9,10000,2025-06-30 18:47:52
409,7,11500,84.63,974,4679,28940,32.84,10000,2025-06-30 18:47:19
530,7,11500,83.55,906,3292,6323,32.76,10000,2025-06-30 18:46:50
598,7,11500,84.33,891,2342,3540,32.68,10000,2025-06-30 18:46:20
469,7,11500,85.41,939,4449,12637,32.61,10000,2025-06-30 18:45:51
384,7,11500,85.36,862,3388,9624,32.48,10000,2025-06-30 18:45:21
478,7,11500,84.86,918,2733,6249,32.4,10000,2025-06-30 18:44:51
324,7,11500,85.3,1081,4874,0,32.3,10000,2025-06-30 18:44:22
366,7,2170,87.06,818,1311,3143,32.15,5317,2025-06-30 18:43:52
366,7,425,84.85,768,670,709,32.08,2347,2025-06-30 18:43:23
349,7,445,84.95,769,653,696,32.08,2528,2025-06-30 18:42:53
364,7,479,85.15,768,671,720,32.06,2745,2025-06-30 18:42:24
348,7,533,85.15,769,644,688,32.04,2870,2025-06-30 18:41:48
340,7,933,85.15,782,644,694,31.98,3408,2025-06-30 18:41:17
420,7,2019,85.54,835,1118,1279,31.96,7192,2025-06-30 18:40:41
440,7,5928,86.23,895,4048,6703,31.9,10000,2025-06-30 18:40:11
440,7,5928,86.23,895,4048,6703,31.9,10000,2025-06-30 18:39:59
516,7,8473,86.46,900,2474,3196,31.83,10000,2025-06-30 18:39:22
585,7,10247,86.76,887,1857,2124,31.72,10000,2025-06-30 18:38:53
424,7,9763,87.29,871,5462,11576,31.53,10000,2025-06-30 18:38:24
258,7,5929,87.19,863,5902,59826,31.4,10000,2025-06-30 18:37:23
111,7,333,86.05,758,218,240,31.27,2508,2025-06-30 18:36:53
8,7,140,85.57,753,17,18,31.16,832,2025-06-30 18:36:24
7,7,140,85.71,744,15,20,31.08,826,2025-06-30 18:35:23
7,7,140,85.9,734,17,18,30.99,821,2025-06-30 18:34:53
10,7,139,86.39,727,18,19,30.93,819,2025-06-30 18:34:24
7,7,138,86.73,727,18,19,30.84,818,2025-06-30 18:33:37
8,7,139,87.03,726,19,20,30.77,818,2025-06-30 18:33:06
8,7,138,87.42,726,19,21,30.67,818,2025-06-30 18:32:36
10,7,136,87.95,711,19,20,30.52,814,2025-06-30 18:32:08
8,7,135,88.25,711,18,18,30.43,816,2025-06-30 18:31:05
12,7,135,88.58,711,20,21,30.25,818,2025-06-30 18:30:36
15,7,133,89.08,701,22,23,30.15,831,2025-06-30 18:29:48
13,7,112,89.31,690,19,20,29.97,811,2025-06-30 18:29:06
0,7,140,78.88,1875,2,2,29.95,741,2025-06-30 18:25:09
0,7,140,78.88,1867,0,0,29.92,740,2025-06-30 18:24:39
0,7,138,78.59,1865,2,2,29.91,747,2025-06-30 18:24:09
0,7,136,78.69,1863,1,1,29.91,757,2025-06-30 18:23:15
0,7,138,78.63,1862,1,1,29.89,756,2025-06-30 18:22:46
0,7,138,78.33,1865,2,2,29.89,756,2025-06-30 18:22:15
0,7,135,77.9,1876,1,2,29.92,758,2025-06-30 18:21:35
0,7,139,77.7,1884,3,3,29.95,743,2025-06-30 18:20:51
0,7,139,77.02,1847,3,3,29.92,736,2025-06-30 18:20:21
0,7,139,76.62,1847,1,1,29.94,736,2025-06-30 18:19:52
0,7,136,76.62,1847,1,2,29.92,744,2025-06-30 18:19:03
0,7,136,76.66,1846,2,3,29.88,748,2025-06-30 18:18:33
0,7,136,76.07,1849,2,3,29.82,741,2025-06-30 18:18:05
0,7,136,75.38,1851,2,4,29.74,728,2025-06-30 18:16:39
0,7,134,74.79,1853,1,1,29.71,724,2025-06-30 18:16:09
0,7,135,74.3,1845,1,1,29.7,723,2025-06-30 18:15:27
0,7,135,73.71,1840,1,1,29.68,722,2025-06-30 18:14:58
0,7,133,73.12,1839,1,2,29.66,719,2025-06-30 18:14:23
0,7,133,72.23,1838,2,2,29.65,711,2025-06-30 18:13:53
0,7,133,71.08,1838,2,2,29.62,709,2025-06-30 18:13:23
0,7,132,70.3,1838,3,3,29.59,707,2025-06-30 18:12:35
0,7,132,69.51,1838,2,2,29.56,704,2025-06-30 18:12:06
0,7,132,68.23,1838,3,3,29.54,700,2025-06-30 18:11:37
0,7,131,66.95,1841,3,4,29.53,698,2025-06-30 18:10:48
0,7,129,65.86,1841,3,6,29.51,701,2025-06-30 18:10:19
0,7,128,64.59,1838,4,4,29.51,703,2025-06-30 18:09:49
0,7,127,62.81,1832,2,2,29.51,700,2025-06-30 18:09:20
0,7,127,60.85,1831,1,1,29.51,680,2025-06-30 18:08:51
0,7,127,58.68,1830,3,3,29.57,655,2025-06-30 18:08:21
0,7,128,58.68,1831,1,3,29.61,657,2025-06-30 18:07:45
0,7,128,59.05,1832,2,2,29.66,664,2025-06-30 18:07:15
0,7,128,59.34,1831,3,3,29.7,666,2025-06-30 18:06:46
0,7,129,59.44,1832,3,4,29.71,666,2025-06-30 18:06:16
0,7,129,59.83,1831,3,3,29.73,669,2025-06-30 18:05:47
0,7,131,60.52,1833,2,3,29.82,677,2025-06-30 18:05:18
0,7,131,60.91,1834,3,3,29.84,683,2025-06-30 18:04:10
0,7,131,61.41,1833,4,4,29.85,688,2025-06-30 18:03:40
0,7,132,61.7,1834,1,2,29.86,693,2025-06-30 18:03:11
1,7,132,62.2,1834,3,3,29.88,693,2025-06-30 18:02:41
1,7,134,63.44,1834,3,3,29.95,706,2025-06-30 18:02:13
1,7,134,63.44,1834,3,3,29.95,706,2025-06-30 18:01:53
1,7,134,63.73,1831,4,5,29.97,706,2025-06-30 18:01:05
0,7,134,64.13,1829,4,5,30,706,2025-06-30 18:00:35
0,7,135,64.52,1828,4,5,29.99,710,2025-06-30 18:00:07
0,7,134,65.21,1828,3,4,30.04,722,2025-06-30 17:59:36
0,7,135,65.8,1828,2,2,30.07,727,2025-06-30 17:59:07
0,7,138,66.36,1826,4,4,30.16,731,2025-06-30 17:58:37
1,7,138,67.05,1826,4,4,30.22,735,2025-06-30 17:57:55
0,7,140,67.64,1824,3,4,30.26,736,2025-06-30 17:57:25
0,7,141,68.53,1821,4,4,30.32,746,2025-06-30 17:56:56
0,7,141,69.51,1819,3,3,30.34,755,2025-06-30 17:56:27
1,7,143,70.09,1816,4,4,30.36,763,2025-06-30 17:55:58
3,7,143,70.98,1816,5,5,30.38,776,2025-06-30 17:55:27
1,7,143,72.03,1814,4,5,30.41,790,2025-06-30 17:54:58
5,7,125,73.7,1803,9,9,30.43,788,2025-06-30 17:54:28
2,7,148,79.22,1762,7,9,31,844,2025-06-30 17:49:24
3,7,147,78.93,1754,7,8,30.99,842,2025-06-30 17:48:55
4,7,147,78.44,1760,8,8,30.96,837,2025-06-30 17:48:25
4,7,148,77.85,1754,7,7,30.95,831,2025-06-30 17:47:50
2,7,147,77.65,1747,7,9,30.92,830,2025-06-30 17:47:20
2,7,147,77.45,1744,9,10,30.89,831,2025-06-30 17:46:51
3,7,146,77.26,1745,8,8,30.9,830,2025-06-30 17:46:09
2,7,146,77.06,1744,7,7,30.89,830,2025-06-30 17:45:35
3,7,146,77.06,1746,8,8,30.89,828,2025-06-30 17:45:04
3,7,146,76.97,1747,8,8,30.87,826,2025-06-30 17:44:36
3,7,146,76.81,1750,9,11,30.84,824,2025-06-30 17:44:05
2,7,146,76.71,1755,9,9,30.82,823,2025-06-30 17:43:37
3,7,146,76.71,1755,9,9,30.8,822,2025-06-30 17:43:06
4,7,146,76.61,1760,8,12,30.77,822,2025-06-30 17:42:37
3,7,144,76.51,1773,8,8,30.75,822,2025-06-30 17:42:07
2,7,144,76.31,1750,5,6,30.72,822,2025-06-30 17:41:38
4,7,146,76.31,1745,8,8,30.67,821,2025-06-30 17:41:08
2,7,144,75.73,1766,8,8,30.65,814,2025-06-30 17:40:39
3,7,144,75.33,1767,7,8,30.63,815,2025-06-30 17:38:48
1,7,144,75.07,1769,7,7,30.62,810,2025-06-30 17:38:18
2,7,143,74.59,1769,5,5,30.58,804,2025-06-30 17:37:35
1,7,143,74.29,1770,4,4,30.56,804,2025-06-30 17:36:29
4,7,144,74.09,1771,6,7,30.55,800,2025-06-30 17:36:00
2,7,144,73.8,1769,6,6,30.52,796,2025-06-30 17:35:30
3,7,144,73.8,1768,7,8,30.48,793,2025-06-30 17:35:00
1,7,143,73.6,1767,5,5,30.45,786,2025-06-30 17:34:32
1,7,142,73.4,1763,4,5,30.43,785,2025-06-30 17:33:50
1,7,142,73.3,1760,6,6,30.4,781,2025-06-30 17:33:06
2,7,142,73.05,1744,6,6,30.37,772,2025-06-30 17:32:37
2,7,141,72.95,1734,6,7,30.34,769,2025-06-30 17:32:08
3,7,141,72.85,1731,6,6,30.3,767,2025-06-30 17:31:38
2,7,141,72.85,1727,4,4,30.26,764,2025-06-30 17:31:08
1,7,140,72.75,1718,6,6,30.23,762,2025-06-30 17:30:39
2,7,140,72.46,1714,5,5,30.22,757,2025-06-30 17:30:04
0,7,140,72.16,1708,4,5,30.21,753,2025-06-30 17:29:34
0,7,140,72.07,1706,5,5,30.19,748,2025-06-30 17:29:05
0,7,140,71.86,1708,2,2,30.18,746,2025-06-30 17:28:35
1,7,140,71.71,1706,4,5,30.13,743,2025-06-30 17:28:06
2,7,140,71.61,1707,4,5,30.11,738,2025-06-30 17:27:36
1,7,140,71.41,1706,5,5,30.08,736,2025-06-30 17:27:06
1,7,140,71.02,1702,4,6,30.07,733,2025-06-30 17:26:23
0,7,140,70.72,1704,4,4,30.03,733,2025-06-30 17:25:54
0,7,140,70.53,1705,3,4,30,729,2025-06-30 17:25:25
0,7,139,70.13,1698,4,4,29.97,724,2025-06-30 17:24:55
0,7,139,69.64,1691,3,3,29.95,723,2025-06-30 17:24:27
0,7,138,69.25,1689,4,5,29.91,722,2025-06-30 17:23:57
0,7,138,68.79,1690,2,3,29.89,720,2025-06-30 17:23:26
0,7,138,68.39,1695,4,4,29.86,717,2025-06-30 17:22:57
0,7,139,67.81,1699,3,3,29.82,713,2025-06-30 17:22:27
0,7,138,67.6,1705,4,6,29.81,710,2025-06-30 17:21:58
0,7,138,67.41,1705,2,2,29.76,710,2025-06-30 17:21:29
0,7,138,67.21,1708,3,3,29.73,708,2025-06-30 17:20:59
0,7,138,67.02,1708,2,2,29.7,706,2025-06-30 17:20:30
0,7,139,66.82,1709,4,4,29.65,705,2025-06-30 17:20:00
0,7,136,66.65,1709,4,4,29.63,704,2025-06-30 17:19:31
0,7,136,66.55,1712,3,3,29.61,703,2025-06-30 17:19:01
0,7,136,66.26,1713,2,3,29.57,699,2025-06-30 17:18:32
0,7,136,66.07,1713,2,3,29.53,699,2025-06-30 17:18:03
0,7,136,65.96,1711,5,5,29.48,699,2025-06-30 17:17:33
0,7,136,65.67,1718,2,2,29.44,695,2025-06-30 17:17:03
0,7,136,65.5,1718,3,3,29.38,695,2025-06-30 17:16:21
0,7,135,65.31,1718,2,2,29.34,694,2025-06-30 17:15:51
0,7,135,64.81,1720,1,1,29.28,693,2025-06-30 17:15:22
0,7,135,64.62,1725,1,2,29.22,693,2025-06-30 17:14:21
0,7,135,64.32,1729,2,2,29.17,689,2025-06-30 17:13:51
0,7,134,64.16,1732,0,0,29.11,689,2025-06-30 17:13:22
0,7,134,63.86,1739,1,1,29.07,688,2025-06-30 17:12:53
0,7,134,63.37,1744,0,2,28.98,687,2025-06-30 17:12:23
0,7,134,63.37,1744,0,2,28.98,687,2025-06-30 17:12:10
0,7,134,63.11,1746,1,1,28.91,681,2025-06-30 17:11:40
0,7,134,62.81,1750,0,1,28.85,682,2025-06-30 17:11:11
0,7,134,62.61,1750,1,1,28.77,688,2025-06-30 17:10:41
0,7,132,62.12,1728,0,2,28.73,682,2025-06-30 17:10:12
0,7,132,61.62,1720,2,2,28.69,681,2025-06-30 17:09:42
0,7,132,61.06,1720,1,1,28.61,682,2025-06-30 17:09:13
0,7,131,60.47,1719,0,0,28.57,682,2025-06-30 17:08:44
0,7,131,59.88,1720,0,0,28.5,679,2025-06-30 17:08:14
0,7,128,59.22,1719,1,2,28.42,681,2025-06-30 17:07:45
2,7,112,58.92,1722,4,4,28.32,674,2025-06-30 17:07:03
0,7,128,54.35,1745,0,0,28.45,664,2025-06-30 17:04:24
0,7,127,53.46,1799,0,0,28.5,651,2025-06-30 17:03:55
0,7,129,52.87,1764,0,0,28.57,646,2025-06-30 17:03:26
0,7,129,53.46,1788,0,2,28.6,652,2025-06-30 17:02:56
0,7,129,53.46,1830,0,0,28.61,653,2025-06-30 17:02:22
0,7,132,53.66,1713,0,0,28.67,655,2025-06-30 17:01:51
0,7,132,53.93,1709,0,1,28.69,660,2025-06-30 17:01:10
0,7,131,54.13,1714,0,0,28.72,666,2025-06-30 17:00:40
0,7,132,54.52,1719,0,0,28.72,669,2025-06-30 17:00:11
0,7,133,54.72,1711,0,0,28.72,670,2025-06-30 16:59:41
0,7,133,55.02,1793,1,1,28.74,678,2025-06-30 16:59:12
0,7,134,55.21,1770,0,0,28.74,680,2025-06-30 16:58:35
0,7,134,55.21,1796,1,1,28.76,682,2025-06-30 16:58:06
0,7,133,55.21,1784,0,0,28.74,684,2025-06-30 16:57:36
0,7,133,55.41,1783,0,0,28.77,687,2025-06-30 16:57:07
0,7,134,55.51,1756,0,0,28.79,687,2025-06-30 16:56:37
0,7,134,55.71,1750,0,0,28.8,689,2025-06-30 16:56:08
0,7,135,56.1,1727,0,1,28.83,693,2025-06-30 16:55:39
0,7,135,56.4,1723,0,0,28.85,703,2025-06-30 16:55:08
0,7,135,56.79,1702,0,0,28.87,706,2025-06-30 16:54:39
0,7,136,56.99,1687,0,0,28.89,707,2025-06-30 16:54:10
0,7,136,57.38,1656,0,0,28.89,709,2025-06-30 16:53:40
0,7,136,57.65,1630,0,0,28.92,713,2025-06-30 16:53:11
0,7,138,58.05,1614,0,0,28.95,719,2025-06-30 16:52:41
0,7,136,58.34,1614,1,1,28.97,722,2025-06-30 16:52:12
0,7,138,58.54,1625,1,1,28.97,729,2025-06-30 16:51:42
0,7,138,58.64,1622,0,1,28.98,732,2025-06-30 16:51:13
0,7,138,58.93,1646,0,0,28.98,737,2025-06-30 16:50:43
0,7,138,59.33,1620,1,1,28.97,740,2025-06-30 16:50:14
0,7,139,59.52,1694,0,3,28.97,747,2025-06-30 16:49:46
0,7,136,59.82,1638,0,1,28.98,746,2025-06-30 16:48:55
0,7,136,59.72,1563,1,1,28.98,737,2025-06-30 16:48:26
0,7,136,60.21,1645,2,2,28.98,750,2025-06-30 16:47:50
0,7,138,60.71,1622,0,0,28.98,751,2025-06-30 16:47:21
0,7,138,61.1,1669,2,2,28.98,753,2025-06-30 16:46:51
0,7,139,61.4,1654,1,2,28.98,758,2025-06-30 16:46:22
0,7,139,62.09,1658,1,2,28.98,767,2025-06-30 16:45:52
0,7,140,62.38,1664,0,1,28.98,770,2025-06-30 16:45:23
0,7,140,63.07,1644,2,2,28.97,774,2025-06-30 16:44:53
0,7,140,63.76,1641,2,2,28.94,780,2025-06-30 16:44:25
0,7,142,65.04,1542,2,2,28.94,788,2025-06-30 16:43:55
0,7,142,66.22,1649,1,1,28.94,802,2025-06-30 16:42:46
0,7,142,67.12,1647,2,3,28.92,807,2025-06-30 16:42:04
0,7,143,68.13,1631,2,2,28.89,809,2025-06-30 16:41:35
0,7,143,69.02,1590,3,3,28.87,825,2025-06-30 16:41:06
0,7,144,69.9,1549,3,3,28.85,826,2025-06-30 16:40:29
0,7,144,70.99,1532,3,3,28.82,839,2025-06-30 16:40:00
0,7,146,72.08,1585,2,2,28.77,841,2025-06-30 16:39:30
0,7,147,73.55,1573,3,3,28.72,849,2025-06-30 16:38:42
1,7,147,74.54,1531,5,6,28.69,859,2025-06-30 16:38:06
1,7,148,76.06,1516,4,4,28.64,862,2025-06-30 16:37:36
1,7,148,77.24,1521,4,7,28.58,873,2025-06-30 16:37:01
1,7,150,78.33,1579,3,3,28.52,878,2025-06-30 16:36:31
2,7,149,79.71,1525,5,5,28.48,885,2025-06-30 16:36:01
3,7,150,81.13,1565,7,9,28.42,905,2025-06-30 16:35:32
3,7,151,82.22,1556,6,7,28.35,913,2025-06-30 16:35:02
3,7,149,83.4,1601,11,12,28.26,937,2025-06-30 16:34:33
7,7,132,84.62,1496,11,13,28.13,928,2025-06-30 16:33:57
